File,Dataset,predict_time,predict_throughput,histogram_time,histogram_throughput,huff-enc_time,huff-enc_throughput,(subtotal)_time,(subtotal)_throughput,book_time,book_throughput,(total)_time,(total)_throughput,Card
LWCF_1_1800_3600.f32,CESM,0.522,46.222,0.085,282.428,0.467,51.706,1.075,22.462,0.315,76.54,1.39,17.368,A4000
TS_1_1800_3600.f32,CESM,0.517,46.652,0.086,281.26,0.463,52.162,1.066,22.644,0.277,87.014,1.344,17.968,A4000
AEROD_v_1_1800_3600.f32,CESM,0.537,44.948,0.085,283.054,0.453,53.29,1.075,22.448,0.367,65.854,1.443,16.738,A4000
PRECSC_1_1800_3600.f32,CESM,0.513,47.066,0.085,284.328,0.458,52.698,1.056,22.86,0.312,77.446,1.368,17.648,A4000
SRFRAD_1_1800_3600.f32,CESM,0.525,45.966,0.086,280.502,0.468,51.596,1.079,22.368,0.268,90.136,1.347,17.922,A4000
TROP_P_1_1800_3600.f32,CESM,0.526,45.95,0.086,282.222,0.458,52.654,1.07,22.57,0.157,153.352,1.227,19.678,A4000
FLNTC_1_1800_3600.f32,CESM,0.537,45.0,0.085,283.414,0.462,52.208,1.084,22.264,0.297,81.334,1.381,17.48,A4000
PRECSH_1_1800_3600.f32,CESM,0.516,46.78,0.086,281.824,0.465,51.968,1.066,22.638,0.319,75.766,1.385,17.43,A4000
FSDS_1_1800_3600.f32,CESM,0.532,45.444,0.086,282.056,0.474,50.936,1.091,22.124,0.342,70.75,1.433,16.85,A4000
FSDSC_1_1800_3600.f32,CESM,0.525,46.032,0.085,282.498,0.458,52.706,1.068,22.604,0.245,98.618,1.313,18.392,A4000
TREFMNAV_1_1800_3600.f32,CESM,0.518,46.63,0.086,281.954,0.463,52.156,1.066,22.642,0.24,100.864,1.306,18.486,A4000
ODV_bcar1_1_1800_3600.f32,CESM,0.525,46.024,0.086,281.552,0.453,53.348,1.063,22.712,0.358,67.534,1.421,16.992,A4000
FSNTC_1_1800_3600.f32,CESM,0.526,45.86,0.086,281.574,0.46,52.456,1.072,22.51,0.324,74.454,1.397,17.284,A4000
FLNSC_1_1800_3600.f32,CESM,0.526,45.912,0.085,282.706,0.463,52.084,1.075,22.462,0.375,64.408,1.45,16.652,A4000
ICEFRAC_1_1800_3600.f32,CESM,0.518,46.654,0.085,282.688,0.462,52.254,1.065,22.67,0.383,63.036,1.448,16.672,A4000
PHIS_1_1800_3600.f32,CESM,0.512,47.154,0.086,281.916,0.46,52.468,1.058,22.824,0.314,76.864,1.372,17.6,A4000
PS_1_1800_3600.f32,CESM,0.514,46.93,0.086,281.126,0.459,52.616,1.059,22.792,0.258,93.574,1.317,18.328,A4000
CLDTOT_1_1800_3600.f32,CESM,0.54,44.71,0.086,281.87,0.474,50.93,1.1,21.956,0.319,75.64,1.419,17.014,A4000
FLUTC_1_1800_3600.f32,CESM,0.53,45.584,0.085,282.986,0.459,52.594,1.074,22.478,0.293,82.532,1.366,17.666,A4000
FLNS_1_1800_3600.f32,CESM,0.523,46.134,0.086,281.742,0.47,51.356,1.079,22.372,0.365,66.05,1.445,16.712,A4000
TGCLDIWP_1_1800_3600.f32,CESM,0.512,47.148,0.086,281.342,0.471,51.284,1.069,22.594,0.316,76.448,1.384,17.438,A4000
PRECCDZM_1_1800_3600.f32,CESM,0.519,46.506,0.086,280.834,0.467,51.75,1.072,22.524,0.32,75.506,1.392,17.352,A4000
ODV_bcar2_1_1800_3600.f32,CESM,0.515,46.842,0.086,281.844,0.457,52.862,1.058,22.824,0.353,68.378,1.411,17.11,A4000
QREFHT_1_1800_3600.f32,CESM,0.519,46.516,0.086,280.892,0.463,52.164,1.068,22.606,0.312,77.46,1.38,17.498,A4000
FSNSC_1_1800_3600.f32,CESM,0.521,46.368,0.085,282.856,0.462,52.282,1.068,22.61,0.335,72.098,1.403,17.21,A4000
FSUTOA_1_1800_3600.f32,CESM,0.521,46.328,0.086,282.118,0.468,51.59,1.075,22.466,0.367,65.738,1.442,16.742,A4000
TROP_Z_1_1800_3600.f32,CESM,0.516,46.766,0.086,281.466,0.46,52.508,1.062,22.736,0.19,127.306,1.251,19.29,A4000
FLDS_1_1800_3600.f32,CESM,0.536,45.064,0.085,283.33,0.468,51.616,1.089,22.172,0.22,109.932,1.309,18.45,A4000
FLDSC_1_1800_3600.f32,CESM,0.53,45.552,0.086,281.38,0.46,52.442,1.076,22.434,0.21,114.876,1.287,18.77,A4000
FREQZM_1_1800_3600.f32,CESM,0.527,45.812,0.085,283.138,0.469,51.438,1.082,22.32,0.344,70.21,1.425,16.934,A4000
PCONVT_1_1800_3600.f32,CESM,0.52,46.488,0.086,282.332,0.47,51.374,1.075,22.458,0.261,92.66,1.336,18.078,A4000
FSNT_1_1800_3600.f32,CESM,0.525,45.97,0.086,282.236,0.468,51.61,1.079,22.382,0.326,74.074,1.404,17.19,A4000
SHFLX_1_1800_3600.f32,CESM,0.536,45.058,0.086,280.888,0.464,52.07,1.086,22.24,0.392,61.666,1.477,16.34,A4000
ODV_dust1_1_1800_3600.f32,CESM,0.518,46.612,0.086,281.906,0.453,53.258,1.057,22.84,0.353,68.37,1.41,17.124,A4000
TREFHT_1_1800_3600.f32,CESM,0.521,46.338,0.086,279.95,0.464,51.982,1.072,22.528,0.228,106.27,1.299,18.582,A4000
TGCLDLWP_1_1800_3600.f32,CESM,0.513,47.02,0.086,281.114,0.467,51.728,1.066,22.646,0.365,66.104,1.431,16.864,A4000
PSL_1_1800_3600.f32,CESM,0.515,46.842,0.085,283.368,0.461,52.372,1.062,22.74,0.171,140.9,1.233,19.582,A4000
FSNS_1_1800_3600.f32,CESM,0.526,45.886,0.086,282.328,0.47,51.33,1.082,22.314,0.349,69.252,1.431,16.876,A4000
QFLX_1_1800_3600.f32,CESM,0.52,46.46,0.086,280.696,0.461,52.316,1.067,22.618,0.375,64.408,1.442,16.734,A4000
TSMX_1_1800_3600.f32,CESM,0.514,46.95,0.086,282.146,0.461,52.348,1.061,22.756,0.295,81.784,1.356,17.802,A4000
LANDFRAC_1_1800_3600.f32,CESM,0.526,45.852,0.086,282.022,0.46,52.526,1.072,22.526,0.388,62.194,1.46,16.536,A4000
FSNTOA_1_1800_3600.f32,CESM,0.523,46.208,0.086,281.95,0.469,51.462,1.077,22.408,0.332,72.79,1.409,17.13,A4000
SOLIN_1_1800_3600.f32,CESM,0.523,46.138,0.086,281.576,0.456,52.908,1.065,22.662,0.148,163.35,1.213,19.902,A4000
SNOWHICE_1_1800_3600.f32,CESM,0.529,45.612,0.086,280.612,0.468,51.57,1.084,22.282,0.4,60.45,1.484,16.278,A4000
TROP_T_1_1800_3600.f32,CESM,0.518,46.61,0.086,282.012,0.459,52.58,1.063,22.716,0.157,153.718,1.22,19.792,A4000
ODV_dust2_1_1800_3600.f32,CESM,0.519,46.542,0.086,281.716,0.45,53.666,1.054,22.9,0.353,68.484,1.407,17.16,A4000
FLNT_1_1800_3600.f32,CESM,0.522,46.266,0.085,283.674,0.469,51.468,1.076,22.432,0.245,98.4,1.322,18.266,A4000
FREQSH_1_1800_3600.f32,CESM,0.538,44.924,0.085,282.564,0.474,50.906,1.097,22.0,0.376,64.15,1.474,16.38,A4000
TMQ_1_1800_3600.f32,CESM,0.522,46.272,0.086,280.05,0.461,52.412,1.069,22.588,0.307,78.646,1.376,17.55,A4000
ODV_ocar1_1_1800_3600.f32,CESM,0.511,47.282,0.085,283.134,0.45,53.644,1.046,23.082,0.352,68.6,1.398,17.27,A4000
ODV_SSLTA_1_1800_3600.f32,CESM,0.515,46.856,0.085,282.626,0.452,53.418,1.053,22.932,0.353,68.324,1.406,17.166,A4000
CLDLOW_1_1800_3600.f32,CESM,0.538,44.93,0.085,282.798,0.474,50.95,1.097,22.014,0.374,64.596,1.471,16.42,A4000
CLDMED_1_1800_3600.f32,CESM,0.543,44.46,0.086,281.218,0.476,50.738,1.105,21.854,0.358,67.376,1.463,16.504,A4000
TAUY_1_1800_3600.f32,CESM,0.52,46.402,0.086,279.276,0.463,52.182,1.069,22.572,0.375,64.308,1.445,16.708,A4000
PRECC_1_1800_3600.f32,CESM,0.513,47.024,0.086,281.394,0.468,51.59,1.067,22.62,0.321,75.256,1.388,17.39,A4000
FSNTOAC_1_1800_3600.f32,CESM,0.527,45.846,0.085,282.926,0.462,52.292,1.074,22.488,0.331,73.002,1.405,17.184,A4000
RHREFHT_1_1800_3600.f32,CESM,0.512,47.116,0.085,282.516,0.465,51.94,1.063,22.718,0.289,83.542,1.352,17.86,A4000
FLUT_1_1800_3600.f32,CESM,0.532,45.38,0.086,281.358,0.468,51.562,1.087,22.226,0.242,99.594,1.329,18.17,A4000
ODV_sulf_1_1800_3600.f32,CESM,0.513,47.1,0.086,281.248,0.452,53.422,1.05,22.986,0.351,68.748,1.401,17.226,A4000
TSMN_1_1800_3600.f32,CESM,0.515,46.902,0.086,280.574,0.466,51.808,1.067,22.63,0.351,68.94,1.418,17.032,A4000
PRECSL_1_1800_3600.f32,CESM,0.513,47.07,0.086,281.43,0.467,51.708,1.066,22.656,0.335,72.144,1.401,17.238,A4000
PRECT_1_1800_3600.f32,CESM,0.518,46.652,0.086,280.52,0.465,51.95,1.069,22.596,0.307,78.638,1.376,17.552,A4000
FSDTOA_1_1800_3600.f32,CESM,0.529,45.638,0.085,282.478,0.457,52.858,1.071,22.534,0.151,160.194,1.222,19.754,A4000
ODV_dust4_1_1800_3600.f32,CESM,0.512,47.194,0.085,283.5,0.451,53.51,1.048,23.04,0.361,67.118,1.408,17.144,A4000
OCNFRAC_1_1800_3600.f32,CESM,0.514,46.968,0.086,281.604,0.462,52.218,1.062,22.728,0.384,62.784,1.447,16.688,A4000
SNOWHLND_1_1800_3600.f32,CESM,0.536,45.08,0.086,281.408,0.467,51.74,1.088,22.188,0.391,61.684,1.48,16.318,A4000
ODV_ocar2_1_1800_3600.f32,CESM,0.511,47.212,0.089,273.416,0.456,52.964,1.056,22.864,0.353,68.31,1.409,17.13,A4000
TREFMXAV_1_1800_3600.f32,CESM,0.523,46.208,0.086,280.272,0.462,52.234,1.071,22.544,0.21,114.69,1.281,18.84,A4000
SWCF_1_1800_3600.f32,CESM,0.523,46.202,0.086,281.452,0.476,50.702,1.085,22.258,0.366,65.94,1.451,16.642,A4000
PBLH_1_1800_3600.f32,CESM,0.513,47.02,0.085,282.822,0.469,51.442,1.068,22.602,0.348,69.656,1.416,17.06,A4000
PCONVB_1_1800_3600.f32,CESM,0.522,46.234,0.085,282.498,0.461,52.314,1.069,22.578,0.262,92.184,1.331,18.134,A4000
LHFLX_1_1800_3600.f32,CESM,0.519,46.554,0.085,282.504,0.46,52.44,1.064,22.68,0.374,64.536,1.438,16.782,A4000
CLDHGH_1_1800_3600.f32,CESM,0.552,43.744,0.086,281.924,0.481,50.22,1.119,21.582,0.343,70.576,1.462,16.528,A4000
PRECL_1_1800_3600.f32,CESM,0.51,47.304,0.086,281.87,0.464,52.064,1.06,22.782,0.319,75.566,1.379,17.504,A4000
ODV_SSLTC_1_1800_3600.f32,CESM,0.53,45.654,0.085,283.352,0.458,52.696,1.073,22.51,0.359,67.266,1.433,16.864,A4000
ODV_dust3_1_1800_3600.f32,CESM,0.514,46.948,0.086,280.888,0.453,53.262,1.053,22.916,0.352,68.56,1.406,17.174,A4000
TAUX_1_1800_3600.f32,CESM,0.517,46.74,0.086,281.232,0.468,51.582,1.071,22.548,0.38,63.558,1.451,16.642,A4000
xx.f32,HACC,4.415,237.038,2.273,460.978,20.247,51.704,26.935,38.864,0.276,3789.962,27.212,38.468,A4000
vx.f32,HACC,4.48,233.634,2.296,456.29,21.56,48.552,28.335,36.942,0.383,2736.458,28.718,36.45,A4000
vz.f32,HACC,4.449,235.24,2.284,458.74,21.462,48.78,28.195,37.13,0.376,2781.914,28.571,36.64,A4000
vy.f32,HACC,4.463,234.496,2.222,471.052,21.243,49.272,27.928,37.476,0.383,2739.722,28.311,36.97,A4000
Pf48.bin.f32,HURR,0.775,120.228,0.241,386.368,1.368,68.078,2.384,39.07,0.386,241.486,2.769,33.628,A4000
CLOUDf48.log10.bin.f32,HURR,0.787,118.316,0.241,385.894,1.36,68.482,2.389,38.994,0.379,245.594,2.768,33.65,A4000
Wf48.bin.f32,HURR,0.778,119.664,0.242,384.738,1.385,67.244,2.405,38.72,0.381,244.596,2.786,33.428,A4000
CLOUDf48.bin.f32,HURR,0.779,119.612,0.237,393.708,1.36,68.472,2.376,39.206,0.389,239.544,2.765,33.684,A4000
QGRAUPf48.bin.f32,HURR,0.771,120.8,0.242,385.166,1.359,68.556,2.371,39.276,0.361,258.568,2.732,34.092,A4000
QGRAUPf48.log10.bin.f32,HURR,0.784,118.86,0.242,384.384,1.423,65.46,2.449,38.036,0.378,246.274,2.827,32.946,A4000
QVAPORf48.bin.f32,HURR,0.778,119.748,0.242,384.884,1.388,67.108,2.408,38.686,0.388,240.172,2.796,33.314,A4000
TCf48.bin.f32,HURR,0.796,117.022,0.242,384.664,1.37,67.962,2.409,38.666,0.362,257.194,2.771,33.612,A4000
PRECIPf48.log10.bin.f32,HURR,0.784,118.83,0.242,385.034,1.426,65.306,2.452,37.986,0.383,243.14,2.835,32.854,A4000
Vf48.bin.f32,HURR,0.767,121.452,0.241,386.142,1.395,66.77,2.403,38.76,0.385,242.014,2.788,33.408,A4000
QCLOUDf48.bin.f32,HURR,0.772,120.58,0.242,385.058,1.369,68.014,2.384,39.072,0.378,246.464,2.761,33.724,A4000
QICEf48.bin.f32,HURR,0.773,120.474,0.241,385.74,1.359,68.518,2.374,39.236,0.379,245.65,2.753,33.83,A4000
QCLOUDf48.log10.bin.f32,HURR,0.779,119.556,0.242,385.192,1.361,68.45,2.381,39.11,0.381,244.366,2.763,33.712,A4000
QSNOWf48.log10.bin.f32,HURR,0.785,118.586,0.241,385.676,1.426,65.328,2.453,37.974,0.378,246.334,2.831,32.902,A4000
QRAINf48.bin.f32,HURR,0.765,121.722,0.242,384.71,1.365,68.24,2.372,39.262,0.379,245.92,2.751,33.856,A4000
PRECIPf48.bin.f32,HURR,0.788,118.142,0.241,386.456,1.359,68.54,2.388,38.996,0.384,242.698,2.772,33.6,A4000
QRAINf48.log10.bin.f32,HURR,0.804,115.842,0.242,384.354,1.435,64.886,2.482,37.528,0.378,246.59,2.859,32.572,A4000
QSNOWf48.bin.f32,HURR,0.799,116.66,0.242,384.732,1.362,68.394,2.402,38.77,0.381,244.748,2.783,33.468,A4000
QICEf48.log10.bin.f32,HURR,0.773,120.434,0.241,386.004,1.361,68.43,2.376,39.206,0.377,247.066,2.752,33.836,A4000
Uf48.bin.f32,HURR,0.778,119.756,0.242,385.528,1.396,66.734,2.415,38.566,0.391,237.924,2.806,33.188,A4000
ODV_dust1_1_1800_3600.f32,CESM,0.479,50.41,0.059,411.916,0.258,93.412,0.796,30.322,0.391,61.758,1.187,20.336,A100
FSUTOA_1_1800_3600.f32,CESM,0.46,52.554,0.059,411.154,0.265,91.266,0.783,30.844,0.387,62.35,1.17,20.632,A100
TAUX_1_1800_3600.f32,CESM,0.451,53.594,0.059,410.244,0.262,92.166,0.772,31.296,0.409,58.978,1.181,20.444,A100
SOLIN_1_1800_3600.f32,CESM,0.485,49.916,0.059,412.038,0.263,91.654,0.807,29.952,0.149,162.952,0.955,25.294,A100
ODV_SSLTC_1_1800_3600.f32,CESM,0.461,52.502,0.059,411.924,0.261,92.472,0.781,30.954,0.381,63.418,1.161,20.8,A100
FSDTOA_1_1800_3600.f32,CESM,0.482,50.104,0.058,412.964,0.26,92.72,0.801,30.144,0.149,161.938,0.95,25.412,A100
FLDSC_1_1800_3600.f32,CESM,0.479,50.382,0.059,411.69,0.268,89.944,0.806,29.942,0.221,109.288,1.027,23.5,A100
TSMX_1_1800_3600.f32,CESM,0.462,52.23,0.059,410.394,0.262,92.114,0.783,30.824,0.32,75.458,1.103,21.884,A100
PBLH_1_1800_3600.f32,CESM,0.48,50.322,0.059,409.292,0.263,91.906,0.802,30.116,0.377,64.134,1.178,20.492,A100
QFLX_1_1800_3600.f32,CESM,0.463,52.102,0.059,411.422,0.265,91.164,0.787,30.678,0.405,59.602,1.192,20.252,A100
FLNSC_1_1800_3600.f32,CESM,0.478,50.566,0.059,409.51,0.262,92.26,0.798,30.246,0.409,59.08,1.207,20.002,A100
FLDS_1_1800_3600.f32,CESM,0.471,51.218,0.059,411.558,0.264,91.582,0.794,30.422,0.224,107.742,1.018,23.724,A100
FSNSC_1_1800_3600.f32,CESM,0.448,53.868,0.059,411.386,0.263,91.762,0.77,31.354,0.347,69.532,1.117,21.606,A100
ODV_SSLTA_1_1800_3600.f32,CESM,0.444,54.388,0.058,413.3,0.261,92.518,0.764,31.626,0.378,63.834,1.142,21.148,A100
PS_1_1800_3600.f32,CESM,0.489,49.404,0.059,407.084,0.265,91.014,0.814,29.68,0.285,84.652,1.099,21.972,A100
FSNTC_1_1800_3600.f32,CESM,0.478,50.542,0.059,410.644,0.264,91.556,0.8,30.17,0.347,69.576,1.147,21.044,A100
PRECC_1_1800_3600.f32,CESM,0.433,55.746,0.059,410.134,0.26,93.004,0.752,32.124,0.328,73.684,1.079,22.368,A100
FLUT_1_1800_3600.f32,CESM,0.461,52.382,0.059,408.242,0.264,91.304,0.785,30.774,0.247,97.57,1.032,23.392,A100
TGCLDLWP_1_1800_3600.f32,CESM,0.471,51.278,0.059,408.89,0.268,90.144,0.798,30.262,0.396,60.92,1.194,20.218,A100
TREFMXAV_1_1800_3600.f32,CESM,0.471,51.302,0.059,411.938,0.263,91.904,0.792,30.484,0.223,108.358,1.015,23.79,A100
TROP_T_1_1800_3600.f32,CESM,0.468,51.636,0.059,412.01,0.263,91.836,0.789,30.594,0.157,153.776,0.946,25.516,A100
FREQZM_1_1800_3600.f32,CESM,0.456,52.988,0.059,411.314,0.264,91.368,0.779,31.002,0.374,64.656,1.153,20.948,A100
FLNTC_1_1800_3600.f32,CESM,0.475,50.904,0.058,413.646,0.264,91.434,0.798,30.286,0.319,75.79,1.117,21.638,A100
CLDHGH_1_1800_3600.f32,CESM,0.451,53.52,0.059,411.844,0.264,91.412,0.774,31.198,0.346,69.826,1.12,21.562,A100
OCNFRAC_1_1800_3600.f32,CESM,0.458,52.744,0.059,412.274,0.264,91.284,0.781,30.914,0.412,58.67,1.193,20.242,A100
FSNT_1_1800_3600.f32,CESM,0.46,52.566,0.058,412.918,0.265,90.974,0.784,30.82,0.344,70.212,1.128,21.418,A100
PRECSH_1_1800_3600.f32,CESM,0.461,52.46,0.059,409.884,0.263,91.768,0.783,30.858,0.346,69.792,1.129,21.396,A100
FSDS_1_1800_3600.f32,CESM,0.445,54.224,0.059,410.082,0.264,91.404,0.768,31.42,0.348,69.33,1.117,21.622,A100
PCONVT_1_1800_3600.f32,CESM,0.451,53.564,0.059,407.642,0.263,91.656,0.773,31.216,0.272,88.754,1.046,23.092,A100
PRECCDZM_1_1800_3600.f32,CESM,0.455,53.118,0.058,413.772,0.262,92.282,0.775,31.158,0.341,70.806,1.117,21.638,A100
PRECT_1_1800_3600.f32,CESM,0.464,52.032,0.059,409.876,0.265,91.17,0.788,30.646,0.334,72.378,1.122,21.528,A100
FLNS_1_1800_3600.f32,CESM,0.493,48.958,0.059,412.534,0.264,91.354,0.816,29.588,0.409,59.092,1.225,19.714,A100
TROP_Z_1_1800_3600.f32,CESM,0.469,51.48,0.059,411.684,0.264,91.384,0.792,30.488,0.195,123.71,0.987,24.458,A100
SRFRAD_1_1800_3600.f32,CESM,0.47,51.462,0.059,410.688,0.264,91.588,0.792,30.49,0.285,84.788,1.077,22.426,A100
SNOWHICE_1_1800_3600.f32,CESM,0.452,53.416,0.059,410.312,0.262,92.144,0.773,31.232,0.415,58.168,1.188,20.324,A100
FSNS_1_1800_3600.f32,CESM,0.452,53.382,0.059,406.324,0.265,91.076,0.777,31.076,0.365,66.134,1.142,21.14,A100
ODV_ocar2_1_1800_3600.f32,CESM,0.464,52.092,0.059,409.53,0.258,93.438,0.781,30.91,0.386,62.586,1.167,20.69,A100
PCONVB_1_1800_3600.f32,CESM,0.476,50.862,0.059,411.92,0.269,89.752,0.803,30.088,0.28,86.38,1.084,22.31,A100
ODV_sulf_1_1800_3600.f32,CESM,0.464,52.076,0.059,411.362,0.264,91.402,0.787,30.692,0.39,61.964,1.176,20.524,A100
LANDFRAC_1_1800_3600.f32,CESM,0.462,52.276,0.059,411.056,0.26,92.86,0.781,30.928,0.416,58.01,1.197,20.17,A100
CLDTOT_1_1800_3600.f32,CESM,0.46,52.584,0.059,411.274,0.263,91.738,0.782,30.9,0.335,72.198,1.116,21.636,A100
ODV_dust3_1_1800_3600.f32,CESM,0.437,55.262,0.059,409.32,0.255,94.63,0.751,32.144,0.372,64.812,1.124,21.486,A100
TAUY_1_1800_3600.f32,CESM,0.446,54.166,0.059,410.45,0.265,91.172,0.77,31.37,0.403,59.95,1.173,20.588,A100
AEROD_v_1_1800_3600.f32,CESM,0.487,50.032,0.06,404.022,0.265,91.588,0.812,29.942,0.396,60.998,1.207,20.054,A100
TSMN_1_1800_3600.f32,CESM,0.468,51.646,0.059,411.706,0.262,92.022,0.789,30.616,0.37,65.178,1.159,20.832,A100
FSNTOA_1_1800_3600.f32,CESM,0.464,52.032,0.059,411.246,0.263,91.702,0.786,30.71,0.35,69.062,1.136,21.258,A100
SWCF_1_1800_3600.f32,CESM,0.456,52.894,0.059,411.46,0.268,90.016,0.783,30.82,0.397,60.768,1.181,20.444,A100
ODV_dust4_1_1800_3600.f32,CESM,0.457,52.816,0.059,406.152,0.26,93.03,0.776,31.102,0.389,61.994,1.166,20.714,A100
FSDSC_1_1800_3600.f32,CESM,0.461,52.424,0.059,411.556,0.263,91.832,0.783,30.858,0.253,95.4,1.036,23.314,A100
TREFHT_1_1800_3600.f32,CESM,0.48,50.348,0.058,413.368,0.27,89.642,0.808,29.884,0.237,101.772,1.045,23.096,A100
CLDLOW_1_1800_3600.f32,CESM,0.454,53.238,0.059,412.432,0.263,91.822,0.775,31.15,0.394,61.322,1.169,20.656,A100
ODV_bcar2_1_1800_3600.f32,CESM,0.474,50.942,0.058,414.496,0.261,92.488,0.793,30.43,0.394,61.272,1.187,20.332,A100
ODV_ocar1_1_1800_3600.f32,CESM,0.454,53.216,0.059,410.77,0.256,94.146,0.769,31.402,0.384,62.888,1.153,20.942,A100
LWCF_1_1800_3600.f32,CESM,0.446,54.132,0.06,404.39,0.266,90.63,0.772,31.266,0.327,73.744,1.1,21.956,A100
FLNT_1_1800_3600.f32,CESM,0.472,51.192,0.059,411.42,0.265,91.032,0.796,30.334,0.256,94.466,1.052,22.958,A100
TROP_P_1_1800_3600.f32,CESM,0.479,50.576,0.059,409.862,0.267,90.522,0.805,30.06,0.16,151.026,0.965,25.07,A100
RHREFHT_1_1800_3600.f32,CESM,0.47,51.35,0.059,407.26,0.273,88.752,0.802,30.114,0.317,76.068,1.12,21.572,A100
TREFMNAV_1_1800_3600.f32,CESM,0.47,51.39,0.059,408.594,0.267,90.486,0.796,30.338,0.252,95.74,1.048,23.038,A100
FSNTOAC_1_1800_3600.f32,CESM,0.458,52.7,0.059,410.794,0.261,92.484,0.778,31.03,0.339,71.258,1.117,21.614,A100
QREFHT_1_1800_3600.f32,CESM,0.468,51.63,0.058,412.952,0.264,91.382,0.79,30.546,0.333,72.462,1.124,21.486,A100
FLUTC_1_1800_3600.f32,CESM,0.464,52.038,0.058,412.698,0.265,91.122,0.788,30.656,0.304,79.358,1.092,22.112,A100
PSL_1_1800_3600.f32,CESM,0.479,50.438,0.059,412.104,0.266,90.646,0.804,30.036,0.18,134.09,0.984,24.538,A100
PRECSC_1_1800_3600.f32,CESM,0.443,54.598,0.059,412.064,0.261,92.398,0.763,31.67,0.334,72.266,1.097,22.016,A100
ODV_bcar1_1_1800_3600.f32,CESM,0.47,51.354,0.059,411.904,0.259,93.326,0.788,30.654,0.395,61.076,1.183,20.412,A100
PRECSL_1_1800_3600.f32,CESM,0.464,52.062,0.059,411.668,0.263,91.93,0.785,30.754,0.358,67.382,1.143,21.116,A100
PHIS_1_1800_3600.f32,CESM,0.437,55.28,0.059,407.706,0.261,92.336,0.758,31.87,0.329,73.328,1.087,22.214,A100
LHFLX_1_1800_3600.f32,CESM,0.454,53.172,0.059,412.014,0.263,91.886,0.775,31.132,0.409,59.018,1.184,20.382,A100
SHFLX_1_1800_3600.f32,CESM,0.473,51.032,0.059,408.866,0.263,91.74,0.796,30.352,0.424,56.928,1.22,19.796,A100
CLDMED_1_1800_3600.f32,CESM,0.452,53.484,0.059,411.746,0.264,91.506,0.774,31.186,0.371,65.036,1.146,21.072,A100
ODV_dust2_1_1800_3600.f32,CESM,0.461,52.422,0.059,410.668,0.259,93.062,0.779,30.99,0.386,62.618,1.165,20.728,A100
FREQSH_1_1800_3600.f32,CESM,0.468,51.6,0.059,409.268,0.265,90.98,0.793,30.47,0.401,60.158,1.194,20.224,A100
PRECL_1_1800_3600.f32,CESM,0.45,53.708,0.059,410.576,0.264,91.624,0.772,31.278,0.338,71.326,1.11,21.744,A100
TS_1_1800_3600.f32,CESM,0.472,51.198,0.059,409.292,0.265,90.994,0.796,30.334,0.301,80.284,1.097,22.014,A100
SNOWHLND_1_1800_3600.f32,CESM,0.449,53.766,0.059,412.634,0.262,92.134,0.77,31.368,0.408,59.108,1.178,20.49,A100
TGCLDIWP_1_1800_3600.f32,CESM,0.468,51.634,0.059,410.69,0.266,90.658,0.793,30.442,0.34,71.068,1.133,21.31,A100
ICEFRAC_1_1800_3600.f32,CESM,0.456,52.942,0.059,409.706,0.265,91.084,0.78,30.95,0.422,57.248,1.202,20.088,A100
TMQ_1_1800_3600.f32,CESM,0.458,52.758,0.059,408.97,0.265,91.268,0.782,30.898,0.321,75.218,1.103,21.898,A100
xx.f32,HACC,2.715,385.994,1.027,1019.306,5.888,177.84,9.63,108.754,0.278,3761.99,9.908,105.698,A100
vy.f32,HACC,2.37,445.862,0.991,1059.026,6.413,163.622,9.774,107.496,0.402,2601.046,10.176,103.214,A100
vx.f32,HACC,2.247,469.028,0.946,1109.026,6.156,170.366,9.348,112.29,0.401,2613.656,9.749,107.646,A100
vz.f32,HACC,2.532,415.908,1.014,1033.952,6.532,160.498,10.078,104.114,0.401,2611.322,10.479,100.112,A100
QGRAUPf48.log10.bin.f32,HURR,0.6,155.172,0.135,694.206,0.608,153.41,1.343,69.42,0.405,230.046,1.748,53.314,A100
QSNOWf48.bin.f32,HURR,0.515,181.084,0.127,735.836,0.564,165.142,1.205,77.282,0.401,232.514,1.606,58.004,A100
CLOUDf48.bin.f32,HURR,0.527,176.954,0.129,724.28,0.569,163.626,1.224,76.072,0.407,228.866,1.631,57.092,A100
QRAINf48.bin.f32,HURR,0.509,183.006,0.128,728.956,0.571,163.188,1.208,77.13,0.414,225.208,1.621,57.452,A100
QICEf48.bin.f32,HURR,0.503,185.226,0.127,732.21,0.564,165.032,1.195,77.974,0.413,225.332,1.608,57.926,A100
CLOUDf48.log10.bin.f32,HURR,0.581,160.296,0.128,727.476,0.571,163.174,1.28,72.772,0.405,229.732,1.685,55.264,A100
QCLOUDf48.bin.f32,HURR,0.521,178.8,0.135,691.582,0.583,160.044,1.239,75.222,0.406,229.638,1.645,56.652,A100
QCLOUDf48.log10.bin.f32,HURR,0.556,167.576,0.129,719.528,0.568,164.028,1.253,74.32,0.414,225.242,1.667,55.88,A100
QGRAUPf48.bin.f32,HURR,0.526,177.618,0.128,727.9,0.565,164.842,1.219,76.456,0.375,248.192,1.595,58.45,A100
Pf48.bin.f32,HURR,0.515,180.95,0.13,718.954,0.57,163.51,1.214,76.722,0.414,225.132,1.628,57.22,A100
TCf48.bin.f32,HURR,0.526,177.17,0.131,711.292,0.587,159.048,1.245,74.96,0.386,241.528,1.63,57.18,A100
Vf48.bin.f32,HURR,0.52,179.26,0.128,725.116,0.58,160.488,1.229,75.8,0.416,223.964,1.645,56.632,A100
Uf48.bin.f32,HURR,0.516,180.494,0.129,719.968,0.584,159.466,1.23,75.754,0.416,224.048,1.645,56.61,A100
QVAPORf48.bin.f32,HURR,0.519,179.594,0.13,717.846,0.592,157.618,1.241,75.102,0.411,226.6,1.652,56.402,A100
QRAINf48.log10.bin.f32,HURR,0.632,147.41,0.129,724.15,0.59,157.768,1.351,68.944,0.405,229.924,1.756,53.04,A100
QSNOWf48.log10.bin.f32,HURR,0.589,158.268,0.131,714.34,0.597,156.072,1.316,70.79,0.409,227.9,1.725,54.008,A100
PRECIPf48.bin.f32,HURR,0.503,185.046,0.128,729.852,0.565,164.962,1.196,77.9,0.418,223.338,1.613,57.742,A100
PRECIPf48.log10.bin.f32,HURR,0.538,173.18,0.132,705.802,0.601,155.02,1.272,73.292,0.406,229.15,1.678,55.526,A100
QICEf48.log10.bin.f32,HURR,0.55,169.472,0.132,708.088,0.579,161.044,1.26,73.94,0.406,229.418,1.666,55.916,A100
Wf48.bin.f32,HURR,0.51,182.57,0.134,698.678,0.595,156.772,1.238,75.224,0.407,228.668,1.646,56.598,A100
FSNTC_1_1800_3600.f32,CESM,0.817,34.844,0.106,239.918,0.617,39.4,1.54,16.638,0.257,94.592,1.797,14.05,3080Ti
CLDMED_1_1800_3600.f32,CESM,0.765,33.42,0.143,206.26,0.798,31.116,1.706,14.388,0.268,90.472,1.974,12.38,3080Ti
TS_1_1800_3600.f32,CESM,0.767,32.486,0.102,239.21,0.746,33.286,1.614,15.058,0.314,94.722,1.928,12.572,3080Ti
FLNTC_1_1800_3600.f32,CESM,0.865,30.074,0.101,240.078,0.718,34.9,1.685,14.698,0.233,104.982,1.918,12.852,3080Ti
FSNS_1_1800_3600.f32,CESM,1.006,27.04,0.102,238.2,0.709,35.802,1.816,13.762,0.414,73.838,2.23,11.172,3080Ti
PS_1_1800_3600.f32,CESM,1.289,25.958,0.109,227.972,0.98,27.156,2.378,12.074,0.237,103.224,2.614,10.704,3080Ti
QFLX_1_1800_3600.f32,CESM,0.835,30.156,0.095,254.634,0.76,33.228,1.69,14.618,0.421,65.628,2.111,11.702,3080Ti
FSNT_1_1800_3600.f32,CESM,0.787,32.562,0.098,246.824,0.601,40.29,1.486,16.48,0.337,79.316,1.823,13.442,3080Ti
FLNSC_1_1800_3600.f32,CESM,0.929,29.622,0.15,191.174,0.824,30.138,1.903,13.58,0.418,76.068,2.321,11.342,3080Ti
FSUTOA_1_1800_3600.f32,CESM,1.015,26.834,0.111,222.58,0.718,35.272,1.843,13.752,0.417,71.252,2.26,10.952,3080Ti
TREFMNAV_1_1800_3600.f32,CESM,0.841,32.388,0.092,265.632,0.786,32.564,1.719,14.924,0.213,114.232,1.932,13.108,3080Ti
CLDHGH_1_1800_3600.f32,CESM,0.788,33.448,0.164,204.414,0.675,37.07,1.627,15.722,0.281,87.334,1.907,13.298,3080Ti
ODV_dust2_1_1800_3600.f32,CESM,0.753,33.808,0.103,235.366,0.736,34.866,1.592,15.72,0.259,93.262,1.851,13.416,3080Ti
FSDSC_1_1800_3600.f32,CESM,0.832,30.71,0.11,224.932,0.71,35.92,1.652,15.294,0.204,118.136,1.857,13.482,3080Ti
FLUT_1_1800_3600.f32,CESM,0.913,27.996,0.111,222.792,0.751,34.52,1.775,13.972,0.301,104.948,2.076,11.666,3080Ti
LHFLX_1_1800_3600.f32,CESM,0.679,35.888,0.1,242.76,0.628,38.558,1.407,17.222,0.286,85.42,1.692,14.316,3080Ti
TAUY_1_1800_3600.f32,CESM,0.804,32.228,0.096,250.634,0.59,41.046,1.49,16.552,0.281,86.424,1.771,13.868,3080Ti
CLDTOT_1_1800_3600.f32,CESM,1.163,25.102,0.146,204.202,0.864,29.68,2.173,12.434,0.363,76.436,2.536,10.584,3080Ti
ODV_ocar1_1_1800_3600.f32,CESM,0.862,29.0,0.134,206.344,0.752,33.56,1.748,13.938,0.269,89.974,2.017,12.06,3080Ti
PRECSC_1_1800_3600.f32,CESM,0.97,26.354,0.15,219.972,0.825,31.448,1.944,13.022,0.325,84.87,2.269,10.81,3080Ti
FSNTOA_1_1800_3600.f32,CESM,0.955,27.854,0.251,202.718,0.66,37.506,1.866,13.93,0.321,86.572,2.187,11.932,3080Ti
FSDS_1_1800_3600.f32,CESM,0.884,29.468,0.117,210.284,1.021,25.906,2.022,12.39,0.548,63.126,2.57,9.912,3080Ti
TROP_T_1_1800_3600.f32,CESM,0.996,25.604,0.113,220.808,0.684,36.858,1.793,13.742,0.261,121.854,2.053,12.074,3080Ti
LANDFRAC_1_1800_3600.f32,CESM,0.733,33.69,0.095,257.552,0.692,37.32,1.519,16.418,0.281,86.382,1.8,13.726,3080Ti
QREFHT_1_1800_3600.f32,CESM,0.84,30.79,0.105,231.538,0.884,29.376,1.828,13.316,0.246,98.354,2.075,11.722,3080Ti
ODV_SSLTC_1_1800_3600.f32,CESM,0.637,37.992,0.092,263.482,0.606,40.034,1.336,18.128,0.265,91.48,1.601,15.118,3080Ti
AEROD_v_1_1800_3600.f32,CESM,1.104,26.084,0.118,209.0,0.953,28.21,2.174,12.228,0.269,91.704,2.443,10.666,3080Ti
TSMN_1_1800_3600.f32,CESM,0.934,27.526,0.112,219.888,0.741,33.882,1.786,14.01,0.419,70.342,2.205,11.316,3080Ti
TGCLDIWP_1_1800_3600.f32,CESM,0.856,29.234,0.136,200.666,0.774,33.318,1.766,14.33,0.259,93.646,2.025,12.398,3080Ti
FLDS_1_1800_3600.f32,CESM,0.96,27.658,0.106,229.172,0.961,27.962,2.027,12.132,0.231,112.5,2.258,10.932,3080Ti
PRECSL_1_1800_3600.f32,CESM,0.963,27.262,0.097,254.03,0.99,28.162,2.05,12.63,0.284,87.53,2.334,10.832,3080Ti
ODV_sulf_1_1800_3600.f32,CESM,0.729,34.854,0.103,236.074,0.686,36.452,1.518,16.304,0.259,93.962,1.776,13.832,3080Ti
PCONVT_1_1800_3600.f32,CESM,0.835,30.754,0.112,221.19,0.739,35.09,1.685,14.912,0.354,81.864,2.039,12.23,3080Ti
TROP_P_1_1800_3600.f32,CESM,1.006,26.988,0.102,238.85,0.758,33.064,1.865,13.608,0.287,109.744,2.152,11.502,3080Ti
FREQZM_1_1800_3600.f32,CESM,0.781,32.092,0.092,267.7,0.672,36.842,1.545,15.886,0.243,99.308,1.788,13.67,3080Ti
PRECSH_1_1800_3600.f32,CESM,0.689,36.086,0.094,258.212,0.778,33.23,1.56,16.008,0.236,102.278,1.796,13.786,3080Ti
PRECC_1_1800_3600.f32,CESM,0.726,34.22,0.101,238.762,0.7,35.796,1.527,16.222,0.241,100.498,1.768,13.92,3080Ti
PBLH_1_1800_3600.f32,CESM,0.773,32.42,0.105,242.396,0.854,30.858,1.732,14.72,0.274,89.86,2.006,12.596,3080Ti
FREQSH_1_1800_3600.f32,CESM,0.835,31.68,0.098,250.428,0.727,34.82,1.66,15.156,0.265,91.44,1.924,12.93,3080Ti
SWCF_1_1800_3600.f32,CESM,1.142,25.16,0.107,226.15,0.944,26.666,2.193,12.058,0.288,85.358,2.481,10.512,3080Ti
SRFRAD_1_1800_3600.f32,CESM,1.0,27.168,0.119,212.076,1.11,23.342,2.23,11.238,0.265,92.114,2.495,9.96,3080Ti
ODV_SSLTA_1_1800_3600.f32,CESM,0.713,35.606,0.098,247.344,0.593,40.75,1.404,17.46,0.354,80.806,1.758,13.98,3080Ti
TREFMXAV_1_1800_3600.f32,CESM,0.954,27.704,0.115,222.948,0.703,35.934,1.772,14.432,0.196,123.444,1.968,12.84,3080Ti
ODV_dust4_1_1800_3600.f32,CESM,0.756,33.56,0.1,242.404,0.888,31.346,1.744,14.616,0.373,71.428,2.117,11.868,3080Ti
TROP_Z_1_1800_3600.f32,CESM,0.753,36.196,0.104,239.73,0.689,36.596,1.546,16.372,0.27,112.094,1.817,13.854,3080Ti
PRECT_1_1800_3600.f32,CESM,0.808,31.604,0.091,269.706,0.774,32.668,1.672,14.83,0.264,92.554,1.937,12.708,3080Ti
SHFLX_1_1800_3600.f32,CESM,0.631,38.374,0.098,245.404,0.61,39.688,1.339,18.05,0.287,84.56,1.626,14.856,3080Ti
RHREFHT_1_1800_3600.f32,CESM,0.916,27.768,0.124,220.914,0.71,35.232,1.75,14.1,0.248,98.358,1.998,12.312,3080Ti
FSDTOA_1_1800_3600.f32,CESM,0.886,28.868,0.097,251.946,0.694,35.616,1.677,14.834,0.196,133.152,1.873,13.31,3080Ti
SNOWHICE_1_1800_3600.f32,CESM,0.844,30.556,0.103,236.428,0.72,34.82,1.667,15.034,0.28,86.68,1.947,12.778,3080Ti
FSNTOAC_1_1800_3600.f32,CESM,0.712,34.96,0.099,243.702,0.692,35.04,1.504,16.22,0.398,84.012,1.902,13.116,3080Ti
PCONVB_1_1800_3600.f32,CESM,0.689,35.388,0.108,226.742,0.827,31.39,1.624,15.354,0.221,110.044,1.846,13.384,3080Ti
ICEFRAC_1_1800_3600.f32,CESM,0.903,29.388,0.098,247.584,0.717,35.366,1.717,14.942,0.297,82.04,2.014,12.596,3080Ti
CLDLOW_1_1800_3600.f32,CESM,1.03,26.028,0.103,236.662,1.109,24.56,2.242,11.168,0.303,81.376,2.545,9.786,3080Ti
ODV_bcar1_1_1800_3600.f32,CESM,0.673,36.188,0.102,237.518,0.693,36.078,1.467,16.748,0.251,96.37,1.718,14.242,3080Ti
PRECCDZM_1_1800_3600.f32,CESM,0.696,35.18,0.094,259.666,0.649,37.468,1.439,16.906,0.314,88.042,1.753,13.854,3080Ti
PSL_1_1800_3600.f32,CESM,0.922,27.132,0.101,239.502,0.7,35.264,1.723,14.15,0.204,121.958,1.927,12.65,3080Ti
ODV_dust1_1_1800_3600.f32,CESM,0.729,34.93,0.1,243.45,0.599,40.336,1.427,17.156,0.257,94.288,1.684,14.476,3080Ti
PHIS_1_1800_3600.f32,CESM,0.84,29.634,0.096,251.294,0.909,28.344,1.845,13.274,0.251,97.408,2.096,11.65,3080Ti
TSMX_1_1800_3600.f32,CESM,0.845,29.084,0.1,245.338,0.785,32.156,1.73,14.042,0.356,85.824,2.086,11.836,3080Ti
SOLIN_1_1800_3600.f32,CESM,0.831,31.076,0.098,246.342,0.741,35.668,1.67,14.766,0.285,127.004,1.955,12.916,3080Ti
FLNT_1_1800_3600.f32,CESM,0.873,30.2,0.092,264.058,0.603,40.356,1.568,15.924,0.216,114.626,1.784,13.948,3080Ti
ODV_ocar2_1_1800_3600.f32,CESM,0.693,35.136,0.101,238.982,0.71,35.928,1.505,16.394,0.357,81.456,1.861,13.178,3080Ti
FLNS_1_1800_3600.f32,CESM,0.723,34.424,0.1,241.656,1.031,30.162,1.855,14.476,0.301,81.382,2.156,12.226,3080Ti
TAUX_1_1800_3600.f32,CESM,0.811,30.356,0.137,224.002,0.703,35.848,1.652,14.924,0.298,81.748,1.95,12.57,3080Ti
FSNSC_1_1800_3600.f32,CESM,0.824,30.776,0.173,200.596,0.876,30.498,1.873,13.596,0.344,84.2,2.217,11.554,3080Ti
TMQ_1_1800_3600.f32,CESM,0.673,36.298,0.098,248.096,0.71,36.058,1.481,16.716,0.326,84.096,1.807,13.578,3080Ti
PRECL_1_1800_3600.f32,CESM,0.761,33.07,0.093,262.458,0.68,36.118,1.533,15.974,0.253,95.934,1.786,13.676,3080Ti
FLDSC_1_1800_3600.f32,CESM,0.996,29.344,0.102,235.894,0.674,37.138,1.772,14.534,0.218,121.194,1.99,12.924,3080Ti
ODV_bcar2_1_1800_3600.f32,CESM,0.785,33.932,0.094,262.108,0.702,37.212,1.58,16.556,0.344,79.902,1.924,13.28,3080Ti
SNOWHLND_1_1800_3600.f32,CESM,0.872,31.422,0.094,260.638,0.615,39.844,1.58,16.192,0.294,83.734,1.874,13.546,3080Ti
FLUTC_1_1800_3600.f32,CESM,0.675,36.698,0.124,218.894,0.731,34.544,1.531,16.416,0.255,96.8,1.785,13.954,3080Ti
OCNFRAC_1_1800_3600.f32,CESM,0.819,31.276,0.099,246.68,0.708,35.676,1.626,15.17,0.442,72.388,2.068,11.866,3080Ti
ODV_dust3_1_1800_3600.f32,CESM,0.762,33.758,0.088,276.656,0.659,37.276,1.508,16.556,0.344,82.698,1.852,13.4,3080Ti
TREFHT_1_1800_3600.f32,CESM,0.837,29.9,0.106,232.796,0.91,28.114,1.853,13.148,0.229,108.032,2.082,11.68,3080Ti
LWCF_1_1800_3600.f32,CESM,0.911,28.792,0.108,227.002,0.67,37.112,1.689,14.708,0.25,96.864,1.939,12.726,3080Ti
TGCLDLWP_1_1800_3600.f32,CESM,0.676,36.264,0.093,259.872,0.76,33.276,1.529,15.964,0.275,88.06,1.804,13.494,3080Ti
CLOUDf48.bin.f32,HURR,1.373,75.424,0.194,488.884,1.468,66.418,3.035,32.44,0.314,301.698,3.349,29.086,3080Ti
QVAPORf48.bin.f32,HURR,0.916,104.192,0.179,522.888,1.401,68.99,2.496,38.062,0.312,303.694,2.808,33.798,3080Ti
QGRAUPf48.bin.f32,HURR,0.878,110.192,0.183,514.394,1.332,70.648,2.393,39.596,0.256,364.546,2.649,35.666,3080Ti
QICEf48.bin.f32,HURR,1.113,88.722,0.214,464.518,1.362,69.488,2.689,35.116,0.282,330.658,2.972,31.688,3080Ti
QRAINf48.log10.bin.f32,HURR,0.983,97.272,0.183,515.306,1.529,62.874,2.695,34.998,0.291,320.694,2.986,31.526,3080Ti
QGRAUPf48.log10.bin.f32,HURR,1.076,91.694,0.276,422.81,1.454,65.068,2.806,33.902,0.313,306.142,3.119,30.448,3080Ti
QRAINf48.bin.f32,HURR,0.875,110.372,0.196,479.3,1.603,59.778,2.674,35.648,0.325,311.17,2.999,31.892,3080Ti
PRECIPf48.bin.f32,HURR,1.016,94.656,0.196,478.332,1.395,67.524,2.607,36.172,0.269,346.656,2.875,32.72,3080Ti
QICEf48.log10.bin.f32,HURR,1.063,89.126,0.2,468.532,1.702,57.028,2.965,31.858,0.276,338.078,3.24,29.084,3080Ti
QCLOUDf48.log10.bin.f32,HURR,0.795,117.25,0.216,467.97,1.188,78.434,2.199,42.448,0.337,308.26,2.535,36.884,3080Ti
Pf48.bin.f32,HURR,0.767,122.77,0.18,526.464,1.371,69.35,2.318,40.73,0.277,336.574,2.595,36.304,3080Ti
TCf48.bin.f32,HURR,0.909,103.29,0.2,471.472,1.82,54.02,2.929,32.31,0.311,317.142,3.24,29.23,3080Ti
PRECIPf48.log10.bin.f32,HURR,0.921,106.206,0.181,516.418,1.318,71.374,2.42,39.21,0.274,340.396,2.694,35.064,3080Ti
Uf48.bin.f32,HURR,0.906,108.674,0.225,446.698,1.621,58.71,2.751,34.842,0.376,265.964,3.127,30.688,3080Ti
QCLOUDf48.bin.f32,HURR,0.955,98.182,0.19,496.618,1.352,70.664,2.496,37.602,0.287,327.252,2.783,33.684,3080Ti
Wf48.bin.f32,HURR,0.871,111.258,0.189,496.04,1.501,64.316,2.561,36.734,0.285,327.958,2.846,33.004,3080Ti
Vf48.bin.f32,HURR,0.892,106.576,0.195,481.784,1.566,63.794,2.653,36.438,0.288,323.862,2.942,32.648,3080Ti
CLOUDf48.log10.bin.f32,HURR,1.042,93.606,0.191,492.72,1.287,74.39,2.52,37.516,0.269,346.144,2.789,33.788,3080Ti
QSNOWf48.bin.f32,HURR,0.844,110.788,0.186,502.038,1.365,69.294,2.395,39.076,0.281,333.25,2.676,34.906,3080Ti
QSNOWf48.log10.bin.f32,HURR,0.947,101.75,0.22,445.212,1.531,63.17,2.698,35.126,0.275,339.02,2.974,31.776,3080Ti
ODV_ocar2_1_1800_3600.f32,CESM,0.692,34.884,0.094,257.77,0.415,58.244,1.2,20.114,0.515,46.874,1.716,14.074,V100
FLUT_1_1800_3600.f32,CESM,0.675,35.758,0.065,369.742,0.417,57.91,1.158,20.854,0.362,66.796,1.519,15.896,V100
SRFRAD_1_1800_3600.f32,CESM,0.664,36.37,0.065,371.926,0.408,59.186,1.137,21.24,0.391,61.702,1.528,15.802,V100
ODV_dust2_1_1800_3600.f32,CESM,0.694,34.778,0.093,259.638,0.414,58.358,1.201,20.1,0.509,47.472,1.71,14.118,V100
FLDS_1_1800_3600.f32,CESM,0.693,34.854,0.066,366.928,0.411,58.694,1.17,20.634,0.331,72.926,1.502,16.082,V100
TS_1_1800_3600.f32,CESM,0.663,36.416,0.07,346.338,0.402,60.038,1.135,21.272,0.408,59.132,1.543,15.644,V100
QFLX_1_1800_3600.f32,CESM,0.691,34.964,0.069,349.906,0.409,58.96,1.169,20.65,0.529,45.632,1.698,14.214,V100
FSNTC_1_1800_3600.f32,CESM,0.686,35.164,0.074,327.564,0.41,58.838,1.171,20.624,0.46,52.464,1.631,14.804,V100
FLNSC_1_1800_3600.f32,CESM,0.675,35.792,0.066,364.518,0.406,59.51,1.147,21.06,0.521,46.368,1.667,14.48,V100
SOLIN_1_1800_3600.f32,CESM,0.787,32.598,0.082,294.916,0.398,60.716,1.266,19.564,0.242,99.832,1.508,16.306,V100
PRECCDZM_1_1800_3600.f32,CESM,0.676,35.726,0.074,328.16,0.408,59.148,1.158,20.854,0.458,52.7,1.616,14.942,V100
TREFMXAV_1_1800_3600.f32,CESM,0.664,36.372,0.069,347.634,0.402,60.018,1.135,21.26,0.323,74.854,1.458,16.556,V100
CLDHGH_1_1800_3600.f32,CESM,0.687,35.144,0.064,377.832,0.421,57.328,1.172,20.596,0.479,50.436,1.652,14.62,V100
LHFLX_1_1800_3600.f32,CESM,0.682,35.396,0.07,347.258,0.408,59.12,1.16,20.812,0.53,45.592,1.689,14.29,V100
TSMN_1_1800_3600.f32,CESM,0.664,36.372,0.069,349.7,0.404,59.702,1.137,21.23,0.485,49.74,1.622,14.878,V100
TAUY_1_1800_3600.f32,CESM,0.659,36.62,0.07,344.502,0.403,59.966,1.132,21.328,0.524,46.112,1.655,14.584,V100
TSMX_1_1800_3600.f32,CESM,0.674,35.856,0.069,350.148,0.407,59.266,1.15,20.994,0.431,56.064,1.581,15.276,V100
ODV_dust4_1_1800_3600.f32,CESM,0.686,35.198,0.093,259.832,0.412,58.53,1.191,20.264,0.502,48.054,1.694,14.254,V100
FSDS_1_1800_3600.f32,CESM,0.679,35.576,0.066,364.112,0.415,58.188,1.16,20.814,0.474,50.944,1.634,14.776,V100
TAUX_1_1800_3600.f32,CESM,0.668,36.126,0.07,347.236,0.405,59.576,1.143,21.118,0.536,45.02,1.68,14.374,V100
FLDSC_1_1800_3600.f32,CESM,0.681,35.474,0.07,347.196,0.41,58.868,1.16,20.808,0.319,75.774,1.479,16.324,V100
LWCF_1_1800_3600.f32,CESM,0.677,35.644,0.064,377.866,0.415,58.228,1.156,20.888,0.453,53.284,1.609,15.004,V100
FREQSH_1_1800_3600.f32,CESM,0.683,35.332,0.064,378.626,0.422,57.224,1.169,20.648,0.521,46.298,1.69,14.28,V100
FSNS_1_1800_3600.f32,CESM,0.709,34.19,0.066,367.834,0.42,57.426,1.195,20.24,0.506,47.818,1.701,14.222,V100
FSNTOAC_1_1800_3600.f32,CESM,0.686,35.202,0.073,329.596,0.41,58.934,1.169,20.656,0.459,52.654,1.627,14.836,V100
AEROD_v_1_1800_3600.f32,CESM,0.718,33.872,0.094,257.04,0.42,57.556,1.232,19.672,0.507,47.648,1.739,13.916,V100
PRECSC_1_1800_3600.f32,CESM,0.681,35.476,0.084,288.978,0.407,59.274,1.171,20.608,0.452,53.452,1.623,14.874,V100
CLDTOT_1_1800_3600.f32,CESM,0.684,35.32,0.065,372.648,0.419,57.632,1.167,20.68,0.45,53.672,1.617,14.928,V100
FLUTC_1_1800_3600.f32,CESM,0.685,35.25,0.068,353.02,0.407,59.29,1.16,20.804,0.426,56.616,1.587,15.214,V100
QREFHT_1_1800_3600.f32,CESM,0.688,35.09,0.071,339.286,0.41,58.86,1.169,20.646,0.451,53.514,1.62,14.896,V100
SNOWHICE_1_1800_3600.f32,CESM,0.687,35.154,0.079,304.898,0.394,61.28,1.16,20.812,0.551,43.83,1.712,14.11,V100
FREQZM_1_1800_3600.f32,CESM,0.677,35.666,0.067,358.74,0.413,58.492,1.157,20.868,0.487,49.548,1.644,14.682,V100
FLNT_1_1800_3600.f32,CESM,0.684,35.314,0.065,371.098,0.413,58.486,1.161,20.786,0.364,66.326,1.525,15.824,V100
PRECSH_1_1800_3600.f32,CESM,0.68,35.504,0.072,337.48,0.411,58.73,1.163,20.766,0.465,51.972,1.628,14.834,V100
ODV_bcar1_1_1800_3600.f32,CESM,0.688,35.116,0.093,258.532,0.412,58.558,1.193,20.234,0.506,47.692,1.699,14.206,V100
ODV_dust3_1_1800_3600.f32,CESM,0.678,35.6,0.093,259.278,0.409,59.006,1.18,20.45,0.503,47.972,1.684,14.34,V100
LANDFRAC_1_1800_3600.f32,CESM,0.675,35.77,0.089,270.456,0.403,59.952,1.167,20.688,0.538,44.914,1.705,14.164,V100
RHREFHT_1_1800_3600.f32,CESM,0.699,34.562,0.068,356.394,0.409,59.032,1.176,20.538,0.442,54.67,1.618,14.928,V100
SNOWHLND_1_1800_3600.f32,CESM,0.681,35.472,0.085,287.728,0.422,57.922,1.187,20.382,1.897,36.42,3.084,11.936,V100
SWCF_1_1800_3600.f32,CESM,0.661,36.508,0.065,371.978,0.413,58.39,1.14,21.182,0.513,47.012,1.653,14.604,V100
ODV_bcar2_1_1800_3600.f32,CESM,0.684,35.27,0.094,257.744,0.414,58.248,1.193,20.244,0.51,47.366,1.702,14.18,V100
PRECSL_1_1800_3600.f32,CESM,0.68,35.486,0.078,310.846,0.417,57.95,1.175,20.55,0.47,51.35,1.645,14.674,V100
FSNTOA_1_1800_3600.f32,CESM,0.685,35.25,0.066,364.346,0.414,58.36,1.165,20.728,0.47,51.366,1.635,14.766,V100
TGCLDIWP_1_1800_3600.f32,CESM,0.663,36.396,0.065,374.248,0.409,58.966,1.137,21.226,0.45,53.618,1.588,15.206,V100
PRECT_1_1800_3600.f32,CESM,0.681,35.438,0.068,355.442,0.413,58.426,1.162,20.77,0.448,53.852,1.611,14.988,V100
ICEFRAC_1_1800_3600.f32,CESM,0.683,35.354,0.088,274.696,0.409,59.022,1.18,20.464,0.545,44.302,1.725,13.996,V100
TREFMNAV_1_1800_3600.f32,CESM,0.666,36.27,0.069,349.132,0.404,59.788,1.139,21.198,0.349,69.138,1.488,16.224,V100
TROP_P_1_1800_3600.f32,CESM,0.658,36.686,0.067,362.986,0.402,60.064,1.126,21.432,0.249,97.134,1.375,17.558,V100
CLDLOW_1_1800_3600.f32,CESM,0.67,36.034,0.064,376.71,0.409,58.954,1.144,21.11,0.518,46.576,1.662,14.524,V100
ODV_SSLTC_1_1800_3600.f32,CESM,0.683,35.356,0.093,259.076,0.415,58.176,1.191,20.268,0.506,47.716,1.697,14.226,V100
ODV_SSLTA_1_1800_3600.f32,CESM,0.681,35.476,0.093,259.016,0.411,58.742,1.185,20.378,0.504,47.93,1.688,14.296,V100
OCNFRAC_1_1800_3600.f32,CESM,0.689,35.036,0.086,279.414,0.411,58.814,1.186,20.356,0.562,43.102,1.748,13.82,V100
PHIS_1_1800_3600.f32,CESM,0.681,35.476,0.079,304.286,0.409,59.064,1.169,20.662,0.459,52.538,1.628,14.828,V100
PRECL_1_1800_3600.f32,CESM,0.682,35.42,0.067,362.316,0.415,58.198,1.163,20.756,0.464,51.992,1.627,14.834,V100
ODV_ocar1_1_1800_3600.f32,CESM,0.685,35.25,0.093,258.844,0.413,58.446,1.191,20.266,0.503,47.994,1.694,14.246,V100
FSDTOA_1_1800_3600.f32,CESM,0.682,35.4,0.081,296.398,0.398,60.61,1.162,20.78,0.246,98.256,1.408,17.15,V100
PCONVT_1_1800_3600.f32,CESM,0.69,34.99,0.066,365.046,0.416,58.022,1.172,20.594,0.389,62.086,1.561,15.466,V100
FSUTOA_1_1800_3600.f32,CESM,0.687,35.136,0.065,369.116,0.413,58.492,1.165,20.718,0.514,46.97,1.679,14.374,V100
FLNS_1_1800_3600.f32,CESM,0.674,35.824,0.064,375.75,0.41,58.838,1.149,21.02,0.517,46.656,1.666,14.494,V100
ODV_dust1_1_1800_3600.f32,CESM,0.683,35.346,0.094,256.264,0.411,58.764,1.188,20.32,0.51,47.384,1.698,14.222,V100
ODV_sulf_1_1800_3600.f32,CESM,0.678,35.592,0.094,257.798,0.413,58.524,1.185,20.38,0.513,47.166,1.697,14.228,V100
FLNTC_1_1800_3600.f32,CESM,0.682,35.39,0.069,348.808,0.407,59.352,1.158,20.842,0.429,56.216,1.588,15.206,V100
PBLH_1_1800_3600.f32,CESM,0.695,34.756,0.065,371.434,0.415,58.146,1.175,20.546,0.484,49.854,1.659,14.548,V100
PS_1_1800_3600.f32,CESM,0.686,35.176,0.073,330.786,0.411,58.76,1.17,20.628,0.385,62.776,1.555,15.526,V100
TROP_Z_1_1800_3600.f32,CESM,0.666,36.244,0.068,354.13,0.403,59.954,1.137,21.234,0.294,82.15,1.431,16.872,V100
PSL_1_1800_3600.f32,CESM,0.688,35.094,0.072,337.384,0.407,59.35,1.166,20.698,0.278,86.864,1.444,16.714,V100
TROP_T_1_1800_3600.f32,CESM,0.67,36.03,0.069,348.51,0.401,60.186,1.141,21.164,0.253,95.46,1.394,17.326,V100
SHFLX_1_1800_3600.f32,CESM,0.679,35.59,0.065,373.232,0.393,61.364,1.137,21.242,0.536,45.078,1.672,14.438,V100
FSDSC_1_1800_3600.f32,CESM,0.679,35.59,0.076,316.626,0.403,59.962,1.157,20.862,0.362,66.614,1.52,15.886,V100
CLDMED_1_1800_3600.f32,CESM,0.665,36.326,0.064,374.46,0.41,58.848,1.14,21.188,0.494,48.876,1.634,14.782,V100
FSNSC_1_1800_3600.f32,CESM,0.685,35.216,0.071,340.244,0.414,58.294,1.171,20.622,0.484,49.836,1.655,14.586,V100
PRECC_1_1800_3600.f32,CESM,0.666,36.244,0.071,338.608,0.407,59.354,1.144,21.1,0.453,53.33,1.597,15.116,V100
TREFHT_1_1800_3600.f32,CESM,0.672,35.916,0.069,348.086,0.408,59.218,1.149,21.006,0.346,70.056,1.495,16.156,V100
PCONVB_1_1800_3600.f32,CESM,0.684,35.316,0.071,338.878,0.409,58.964,1.164,20.734,0.391,61.776,1.555,15.522,V100
TMQ_1_1800_3600.f32,CESM,0.663,36.428,0.07,343.812,0.403,59.942,1.136,21.256,0.436,55.39,1.572,15.362,V100
TGCLDLWP_1_1800_3600.f32,CESM,0.664,36.362,0.064,376.4,0.415,58.15,1.143,21.116,0.507,47.598,1.651,14.628,V100
FSNT_1_1800_3600.f32,CESM,0.685,35.262,0.067,362.176,0.417,57.844,1.169,20.656,0.469,51.436,1.638,14.738,V100
vz.f32,HACC,2.821,371.056,1.575,664.69,15.627,66.982,20.022,52.278,0.515,2031.178,20.537,50.964,V100
vy.f32,HACC,2.81,372.446,1.58,662.33,15.73,66.57,20.12,52.034,0.516,2027.292,20.637,50.734,V100
xx.f32,HACC,2.739,382.184,1.585,660.446,13.198,79.304,17.521,59.734,0.389,2691.4,17.91,58.44,V100
vx.f32,HACC,2.824,370.64,1.576,664.286,15.722,66.576,20.121,52.018,0.522,2007.982,20.643,50.702,V100
Uf48.bin.f32,HURR,0.832,111.982,0.16,583.656,1.142,81.56,2.133,43.66,0.547,170.324,2.68,34.75,V100
CLOUDf48.log10.bin.f32,HURR,0.868,107.29,0.24,388.262,1.066,87.372,2.174,42.84,0.541,172.174,2.715,34.304,V100
QCLOUDf48.log10.bin.f32,HURR,0.87,107.092,0.283,329.142,1.06,87.88,2.213,42.092,0.546,170.628,2.759,33.762,V100
QRAINf48.bin.f32,HURR,0.829,112.284,0.279,333.656,1.044,89.182,2.153,43.26,0.537,173.296,2.69,34.618,V100
PRECIPf48.bin.f32,HURR,0.826,112.762,0.24,388.76,1.047,88.966,2.112,44.086,0.537,173.458,2.649,35.154,V100
QICEf48.bin.f32,HURR,0.829,112.318,0.276,337.852,1.053,88.422,2.158,43.148,0.532,174.934,2.691,34.61,V100
Vf48.bin.f32,HURR,0.831,112.068,0.16,581.388,1.147,81.224,2.138,43.562,0.543,171.532,2.681,34.74,V100
CLOUDf48.bin.f32,HURR,0.843,110.558,0.242,385.2,1.072,86.876,2.157,43.188,0.535,173.926,2.692,34.596,V100
QSNOWf48.bin.f32,HURR,0.831,112.118,0.27,344.934,1.059,87.974,2.16,43.13,0.526,177.02,2.686,34.68,V100
QGRAUPf48.bin.f32,HURR,0.826,112.756,0.286,325.516,1.051,88.626,2.163,43.056,0.499,186.582,2.662,34.984,V100
PRECIPf48.log10.bin.f32,HURR,0.842,110.622,0.153,609.454,1.196,77.852,2.191,42.506,0.537,173.546,2.728,34.142,V100
QICEf48.log10.bin.f32,HURR,0.848,109.818,0.275,338.29,1.057,88.13,2.18,42.718,0.534,174.554,2.714,34.32,V100
Wf48.bin.f32,HURR,0.831,112.12,0.16,582.146,1.149,81.092,2.139,43.536,0.539,172.86,2.678,34.776,V100
QGRAUPf48.log10.bin.f32,HURR,0.865,107.714,0.161,578.082,1.191,78.176,2.217,42.004,0.534,174.5,2.751,33.858,V100
Pf48.bin.f32,HURR,0.842,110.638,0.173,540.242,1.102,84.484,2.117,43.994,0.548,170.118,2.665,34.952,V100
QCLOUDf48.bin.f32,HURR,0.841,110.81,0.281,332.216,1.066,87.394,2.187,42.59,0.541,172.196,2.728,34.146,V100
TCf48.bin.f32,HURR,0.839,111.054,0.166,559.698,1.117,83.388,2.122,43.89,0.507,183.74,2.629,35.426,V100
QRAINf48.log10.bin.f32,HURR,0.894,104.132,0.165,563.428,1.199,77.67,2.259,41.232,0.536,173.874,2.794,33.33,V100
QVAPORf48.bin.f32,HURR,0.829,112.402,0.187,497.734,1.158,80.398,2.174,42.834,0.534,174.35,2.708,34.386,V100
QSNOWf48.log10.bin.f32,HURR,0.865,107.662,0.16,580.504,1.194,77.97,2.22,41.954,0.537,173.408,2.757,33.78,V100
TROP_T_1_1800_3600.f32,CESM,0.529,45.596,0.051,470.234,0.228,106.036,0.809,29.858,0.2,120.496,1.009,23.93,H100
ODV_SSLTC_1_1800_3600.f32,CESM,0.498,48.49,0.051,473.738,0.222,108.852,0.771,31.328,0.394,61.31,1.164,20.732,H100
PCONVB_1_1800_3600.f32,CESM,0.508,47.49,0.051,471.474,0.224,108.012,0.783,30.83,0.299,80.638,1.082,22.3,H100
PRECCDZM_1_1800_3600.f32,CESM,0.5,48.33,0.052,463.384,0.225,107.526,0.776,31.104,0.358,67.51,1.134,21.294,H100
PS_1_1800_3600.f32,CESM,0.513,47.03,0.052,467.068,0.229,105.238,0.794,30.388,0.299,80.644,1.094,22.07,H100
TREFMNAV_1_1800_3600.f32,CESM,0.527,45.848,0.051,470.28,0.23,105.022,0.808,29.884,0.279,86.49,1.087,22.212,H100
FSDSC_1_1800_3600.f32,CESM,0.503,48.012,0.051,472.66,0.223,108.368,0.777,31.084,0.281,85.866,1.058,22.822,H100
QREFHT_1_1800_3600.f32,CESM,0.512,47.196,0.051,469.6,0.226,106.906,0.789,30.606,0.354,68.128,1.143,21.114,H100
TROP_Z_1_1800_3600.f32,CESM,0.532,45.354,0.051,469.894,0.231,104.48,0.815,29.628,0.234,103.046,1.049,23.012,H100
ODV_dust2_1_1800_3600.f32,CESM,0.501,48.19,0.052,467.188,0.22,109.904,0.772,31.26,0.393,61.436,1.165,20.716,H100
CLDHGH_1_1800_3600.f32,CESM,0.502,48.128,0.052,464.23,0.225,107.19,0.779,30.998,0.364,66.314,1.143,21.122,H100
FLNT_1_1800_3600.f32,CESM,0.506,47.696,0.051,469.75,0.227,106.398,0.784,30.772,0.281,85.948,1.065,22.66,H100
FLDSC_1_1800_3600.f32,CESM,0.508,47.546,0.052,467.902,0.222,108.526,0.782,30.88,0.246,98.118,1.028,23.486,H100
FLNSC_1_1800_3600.f32,CESM,0.521,46.4,0.052,464.758,0.228,105.948,0.8,30.174,0.413,58.39,1.214,19.892,H100
SNOWHICE_1_1800_3600.f32,CESM,0.504,47.884,0.052,467.49,0.229,105.414,0.785,30.756,0.426,56.722,1.21,19.944,H100
LWCF_1_1800_3600.f32,CESM,0.505,47.844,0.052,465.686,0.228,106.114,0.784,30.794,0.354,68.106,1.138,21.206,H100
CLDLOW_1_1800_3600.f32,CESM,0.508,47.498,0.051,473.822,0.226,106.694,0.785,30.736,0.407,59.312,1.192,20.246,H100
FSNTOAC_1_1800_3600.f32,CESM,0.51,47.35,0.052,464.198,0.224,107.688,0.786,30.71,0.359,67.196,1.145,21.078,H100
SOLIN_1_1800_3600.f32,CESM,0.525,46.034,0.052,466.962,0.223,108.25,0.8,30.202,0.196,123.952,0.996,24.276,H100
ODV_ocar1_1_1800_3600.f32,CESM,0.505,47.81,0.051,470.088,0.225,107.518,0.781,30.916,0.398,60.66,1.179,20.478,H100
FSDS_1_1800_3600.f32,CESM,0.502,48.054,0.052,462.492,0.231,104.53,0.786,30.732,0.368,65.636,1.154,20.928,H100
LHFLX_1_1800_3600.f32,CESM,0.5,48.306,0.052,466.36,0.224,107.664,0.776,31.118,0.416,58.046,1.192,20.256,H100
FREQZM_1_1800_3600.f32,CESM,0.497,48.588,0.052,467.546,0.226,106.82,0.775,31.168,0.381,63.39,1.155,20.894,H100
RHREFHT_1_1800_3600.f32,CESM,0.511,47.246,0.052,466.144,0.224,107.694,0.787,30.676,0.334,72.206,1.121,21.528,H100
PRECSC_1_1800_3600.f32,CESM,0.501,48.15,0.052,466.782,0.223,108.318,0.776,31.11,0.353,68.33,1.129,21.374,H100
FLNTC_1_1800_3600.f32,CESM,0.506,47.748,0.052,467.558,0.224,107.626,0.782,30.89,0.336,71.9,1.118,21.606,H100
ODV_dust1_1_1800_3600.f32,CESM,0.5,48.276,0.052,468.75,0.223,108.054,0.775,31.15,0.392,61.514,1.167,20.678,H100
PRECSL_1_1800_3600.f32,CESM,0.498,48.45,0.052,462.34,0.228,105.994,0.778,31.016,0.372,64.816,1.151,20.976,H100
QFLX_1_1800_3600.f32,CESM,0.505,47.826,0.051,468.822,0.226,107.04,0.782,30.88,0.417,57.944,1.198,20.142,H100
TSMX_1_1800_3600.f32,CESM,0.533,45.266,0.051,474.378,0.23,104.882,0.814,29.64,0.341,70.724,1.156,20.888,H100
ODV_bcar2_1_1800_3600.f32,CESM,0.499,48.356,0.052,467.498,0.222,108.79,0.773,31.236,0.395,61.086,1.168,20.664,H100
SNOWHLND_1_1800_3600.f32,CESM,0.501,48.232,0.052,466.132,0.224,107.998,0.776,31.114,0.421,57.32,1.197,20.166,H100
ODV_dust4_1_1800_3600.f32,CESM,0.5,48.24,0.052,468.264,0.225,107.442,0.777,31.082,0.392,61.586,1.169,20.656,H100
PRECT_1_1800_3600.f32,CESM,0.497,48.532,0.052,466.386,0.228,106.106,0.777,31.078,0.351,68.696,1.128,21.396,H100
FLNS_1_1800_3600.f32,CESM,0.51,47.338,0.051,471.212,0.226,107.034,0.787,30.686,0.408,59.192,1.195,20.208,H100
PHIS_1_1800_3600.f32,CESM,0.502,48.102,0.051,470.31,0.226,106.758,0.779,30.972,0.359,67.222,1.139,21.204,H100
SRFRAD_1_1800_3600.f32,CESM,0.529,45.628,0.051,473.78,0.23,104.982,0.81,29.804,0.318,76.02,1.128,21.406,H100
TREFHT_1_1800_3600.f32,CESM,0.525,45.988,0.051,472.8,0.228,106.018,0.804,30.036,0.268,90.234,1.071,22.532,H100
ICEFRAC_1_1800_3600.f32,CESM,0.501,48.208,0.051,469.102,0.225,107.082,0.778,31.044,0.427,56.512,1.205,20.038,H100
FSNSC_1_1800_3600.f32,CESM,0.506,47.714,0.052,463.918,0.226,106.87,0.784,30.796,0.371,65.09,1.155,20.904,H100
AEROD_v_1_1800_3600.f32,CESM,0.522,46.722,0.052,465.996,0.228,106.344,0.802,30.33,0.392,61.616,1.194,20.302,H100
FLDS_1_1800_3600.f32,CESM,0.508,47.52,0.052,468.58,0.224,107.762,0.784,30.81,0.251,96.286,1.034,23.338,H100
SHFLX_1_1800_3600.f32,CESM,0.499,48.366,0.052,464.826,0.226,106.728,0.777,31.058,0.422,57.168,1.2,20.122,H100
FSNTC_1_1800_3600.f32,CESM,0.507,47.65,0.052,465.718,0.226,106.638,0.785,30.758,0.36,67.034,1.145,21.084,H100
FSNS_1_1800_3600.f32,CESM,0.512,47.182,0.051,472.728,0.229,105.678,0.791,30.512,0.388,62.248,1.179,20.474,H100
SWCF_1_1800_3600.f32,CESM,0.518,46.638,0.052,464.366,0.233,103.554,0.803,30.072,0.414,58.322,1.217,19.84,H100
PBLH_1_1800_3600.f32,CESM,0.512,47.154,0.051,473.11,0.226,106.838,0.789,30.596,0.375,64.344,1.164,20.736,H100
TAUX_1_1800_3600.f32,CESM,0.513,47.06,0.052,465.618,0.227,106.21,0.792,30.476,0.427,56.488,1.22,19.796,H100
FLUT_1_1800_3600.f32,CESM,0.504,47.894,0.052,468.456,0.225,107.122,0.781,30.91,0.282,85.658,1.063,22.714,H100
FSUTOA_1_1800_3600.f32,CESM,0.505,47.836,0.052,467.55,0.225,107.452,0.781,30.91,0.403,59.896,1.184,20.388,H100
FSNTOA_1_1800_3600.f32,CESM,0.504,47.934,0.052,466.212,0.227,106.494,0.782,30.864,0.366,65.972,1.148,21.028,H100
ODV_bcar1_1_1800_3600.f32,CESM,0.498,48.432,0.051,471.736,0.223,108.212,0.773,31.24,0.396,60.924,1.169,20.65,H100
ODV_ocar2_1_1800_3600.f32,CESM,0.5,48.324,0.052,468.618,0.224,107.982,0.775,31.16,0.396,61.01,1.17,20.628,H100
OCNFRAC_1_1800_3600.f32,CESM,0.513,47.048,0.051,469.44,0.227,106.308,0.792,30.494,0.428,56.424,1.22,19.796,H100
ODV_sulf_1_1800_3600.f32,CESM,0.501,48.148,0.052,465.31,0.221,109.086,0.775,31.164,0.392,61.664,1.166,20.7,H100
LANDFRAC_1_1800_3600.f32,CESM,0.513,47.09,0.051,473.336,0.222,108.646,0.786,30.718,0.428,56.422,1.214,19.886,H100
TGCLDLWP_1_1800_3600.f32,CESM,0.518,46.57,0.052,466.662,0.23,105.116,0.8,30.184,0.405,59.658,1.204,20.044,H100
ODV_SSLTA_1_1800_3600.f32,CESM,0.495,48.74,0.052,468.302,0.223,108.478,0.769,31.376,0.391,61.682,1.161,20.798,H100
CLDMED_1_1800_3600.f32,CESM,0.506,47.71,0.052,468.442,0.226,106.984,0.783,30.822,0.391,61.802,1.174,20.564,H100
PRECC_1_1800_3600.f32,CESM,0.497,48.568,0.052,467.042,0.224,107.81,0.773,31.244,0.355,67.96,1.128,21.402,H100
TREFMXAV_1_1800_3600.f32,CESM,0.528,45.744,0.052,467.268,0.23,104.894,0.81,29.818,0.258,93.442,1.068,22.602,H100
PCONVT_1_1800_3600.f32,CESM,0.512,47.184,0.052,466.942,0.226,106.868,0.789,30.586,0.299,80.668,1.089,22.176,H100
TMQ_1_1800_3600.f32,CESM,0.519,46.53,0.052,468.566,0.231,104.656,0.801,30.138,0.349,69.252,1.15,21.0,H100
TGCLDIWP_1_1800_3600.f32,CESM,0.523,46.2,0.052,467.752,0.231,104.632,0.805,29.994,0.356,67.848,1.161,20.798,H100
CLDTOT_1_1800_3600.f32,CESM,0.506,47.744,0.052,466.844,0.228,105.936,0.785,30.746,0.356,67.794,1.142,21.146,H100
PRECSH_1_1800_3600.f32,CESM,0.499,48.372,0.052,467.238,0.226,106.854,0.777,31.078,0.361,66.892,1.138,21.222,H100
FSDTOA_1_1800_3600.f32,CESM,0.511,47.306,0.051,472.108,0.219,110.132,0.781,30.918,0.189,128.038,0.97,24.904,H100
FLUTC_1_1800_3600.f32,CESM,0.506,47.718,0.051,470.834,0.224,107.76,0.781,30.904,0.328,73.59,1.109,21.762,H100
TROP_P_1_1800_3600.f32,CESM,0.527,45.836,0.051,469.676,0.23,105.186,0.808,29.892,0.204,118.608,1.011,23.872,H100
FSNT_1_1800_3600.f32,CESM,0.509,47.396,0.051,472.7,0.229,105.646,0.789,30.6,0.364,66.322,1.153,20.936,H100
TAUY_1_1800_3600.f32,CESM,0.511,47.222,0.052,468.606,0.228,105.842,0.791,30.528,0.42,57.524,1.211,19.94,H100
FREQSH_1_1800_3600.f32,CESM,0.507,47.642,0.052,466.3,0.227,106.444,0.785,30.742,0.408,59.23,1.193,20.236,H100
TSMN_1_1800_3600.f32,CESM,0.532,45.356,0.051,474.364,0.233,103.6,0.816,29.578,0.393,61.482,1.209,19.97,H100
PSL_1_1800_3600.f32,CESM,0.51,47.362,0.052,465.212,0.224,107.934,0.785,30.742,0.208,115.85,0.994,24.294,H100
ODV_dust3_1_1800_3600.f32,CESM,0.503,47.996,0.052,464.55,0.226,106.672,0.781,30.902,0.393,61.494,1.174,20.564,H100
PRECL_1_1800_3600.f32,CESM,0.496,48.688,0.052,466.862,0.225,107.248,0.773,31.246,0.361,66.84,1.134,21.29,H100
TS_1_1800_3600.f32,CESM,0.531,45.494,0.051,469.106,0.232,104.222,0.814,29.664,0.326,74.098,1.14,21.184,H100
vx.f32,HACC,1.97,531.17,0.48,2178.464,3.279,319.23,5.73,182.674,0.428,2448.604,6.157,169.99,H100
vz.f32,HACC,1.976,529.564,0.482,2173.22,3.278,319.33,5.736,182.482,0.433,2418.666,6.168,169.678,H100
xx.f32,HACC,1.983,527.768,0.481,2176.402,2.945,355.45,5.409,193.514,0.329,3183.802,5.737,182.422,H100
vy.f32,HACC,1.919,545.528,0.482,2172.326,3.27,320.044,5.671,184.568,0.43,2432.106,6.101,171.548,H100
QGRAUPf48.log10.bin.f32,HURR,0.658,141.6,0.084,1110.684,0.406,229.454,1.148,81.162,0.427,217.858,1.575,59.132,H100
Pf48.bin.f32,HURR,0.567,164.358,0.084,1107.936,0.401,232.352,1.052,88.562,0.437,212.938,1.489,62.544,H100
CLOUDf48.log10.bin.f32,HURR,0.644,144.592,0.085,1092.172,0.396,235.42,1.125,82.782,0.429,217.1,1.554,59.932,H100
Uf48.bin.f32,HURR,0.565,164.91,0.084,1103.472,0.404,230.822,1.053,88.47,0.438,212.554,1.491,62.464,H100
PRECIPf48.bin.f32,HURR,0.569,163.724,0.083,1116.182,0.396,235.442,1.048,88.874,0.442,210.824,1.49,62.52,H100
QRAINf48.log10.bin.f32,HURR,0.683,136.308,0.085,1094.986,0.406,229.432,1.174,79.31,0.43,216.466,1.605,58.044,H100
QICEf48.log10.bin.f32,HURR,0.615,151.508,0.084,1108.462,0.398,234.19,1.097,84.94,0.435,214.124,1.532,60.812,H100
PRECIPf48.log10.bin.f32,HURR,0.604,154.358,0.087,1074.664,0.406,229.356,1.096,84.968,0.435,214.188,1.531,60.834,H100
QSNOWf48.bin.f32,HURR,0.569,163.784,0.084,1105.598,0.395,235.646,1.048,88.854,0.432,215.536,1.48,62.916,H100
CLOUDf48.bin.f32,HURR,0.581,160.43,0.083,1119.67,0.397,234.606,1.061,87.8,0.435,213.992,1.496,62.254,H100
QVAPORf48.bin.f32,HURR,0.57,163.324,0.084,1109.902,0.404,230.43,1.058,87.994,0.434,214.548,1.493,62.402,H100
QRAINf48.bin.f32,HURR,0.568,164.07,0.083,1128.15,0.398,234.268,1.048,88.884,0.439,212.164,1.487,62.64,H100
QICEf48.bin.f32,HURR,0.565,164.902,0.083,1123.734,0.396,235.188,1.044,89.232,0.435,214.292,1.478,62.998,H100
Wf48.bin.f32,HURR,0.571,163.05,0.085,1098.086,0.404,230.654,1.06,87.874,0.435,214.34,1.494,62.322,H100
QGRAUPf48.bin.f32,HURR,0.565,164.974,0.084,1106.364,0.395,236.066,1.043,89.264,0.404,230.316,1.448,64.33,H100
Vf48.bin.f32,HURR,0.57,163.492,0.085,1097.374,0.403,231.268,1.057,88.086,0.441,211.144,1.499,62.15,H100
QCLOUDf48.bin.f32,HURR,0.579,160.964,0.085,1102.844,0.397,234.322,1.061,87.816,0.431,215.932,1.492,62.424,H100
QSNOWf48.log10.bin.f32,HURR,0.646,144.164,0.084,1104.83,0.408,228.386,1.138,81.824,0.432,215.838,1.57,59.33,H100
QCLOUDf48.log10.bin.f32,HURR,0.623,149.474,0.084,1106.618,0.395,235.54,1.103,84.458,0.435,213.92,1.538,60.55,H100
TCf48.bin.f32,HURR,0.573,162.522,0.084,1108.878,0.401,232.126,1.058,88.0,0.41,227.238,1.468,63.434,H100
